Q_dch_interp_01,Q_dch_interp_03,Q_dch_interp_05,Q_dch_interp_07,Q_dch_interp_09,Q_dch_interp_11,Q_dch_interp_13,Q_dch_interp_15,Q_dch_interp_17,Q_dch_interp_19,Q_dch_interp_21,Q_dch_interp_23,Q_dch_interp_25
-4.737691617955222,-4.7646689513085505,-4.761096724097154,-4.758910853920409,-4.759173843327508,-4.742948178362939,-4.732620709969177,-4.724862792368687,-4.716811479909557,-4.703056870806925,-4.688765887950993,-4.687239627890251,-4.661067626746941
-4.735898386521437,-4.762719065798875,-4.759180923410689,-4.75699374276963,-4.757222354416028,-4.740994170474494,-4.730661431358788,-4.722891719892912,-4.714858446797981,-4.70107487618591,-4.686819900447983,-4.685401705069099,-4.659137973589151
-4.7340659239198715,-4.760723453792264,-4.757218155512856,-4.755029453193959,-4.75522329948423,-4.738996958212936,-4.72865955971818,-4.7208777705504,-4.712859498420752,-4.699053910451911,-4.684829777035665,-4.683511100002615,-4.657167811896776
-4.732191920515802,-4.758680046365996,-4.75520640511179,-4.7530159850421905,-4.753174667468834,-4.736954396200248,-4.726612929128559,-4.718818798197205,-4.710812638406224,-4.6969916060423165,-4.682793440148359,-4.681566074358539,-4.655154980192314
-4.730274066674496,-4.7565867745973565,-4.753143656915632,-4.750951338163115,-4.751074447306562,-4.7348643390584115,-4.724519373671144,-4.716712656689376,-4.708715870382745,-4.694885595394507,-4.680708812220377,-4.679564889804607,-4.653097316998262
-4.728310052761225,-4.75444156956363,-4.751027895632522,-4.748833512405531,-4.748920627934128,-4.732724641409414,-4.722376727427146,-4.714557199882966,-4.70656719797867,-4.692733510945871,-4.678573815686038,-4.677505808008553,-4.650992660837117
-4.726297569141261,-4.752242362342095,-4.748857105970592,-4.7466605076182296,-4.746711198288256,-4.730533157875234,-4.720182824477778,-4.712350281634028,-4.704364624822347,-4.69053298513379,-4.676386372979654,-4.675387090638119,-4.648838850231381
-4.7242343061798735,-4.74998708401004,-4.746629272637986,-4.744430323650004,-4.744444147305667,-4.728287743077856,-4.717935498904252,-4.710089755798611,-4.70210615454213,-4.688281650395651,-4.674144406535544,-4.673206999361044,-4.6466337237035455
-4.722117954242332,-4.747673665644745,-4.74434238034284,-4.742140960349652,-4.742117463923079,-4.7259862516392666,-4.715632584787783,-4.707773476232769,-4.699789790766372,-4.685977139168837,-4.671845838788023,-4.670963795845061,-4.644375119776113
-4.719946203693911,-4.745300038323495,-4.741994413793293,-4.739790417565965,-4.739729137077207,-4.7236265381814455,-4.713271916209583,-4.70539929679255,-4.697413537123421,-4.683617083890734,-4.66948859217141,-4.6686557417579095,-4.6420608769715805
-4.717716744899876,-4.7428641331235735,-4.739583357697483,-4.737376695147737,-4.737277155704778,-4.721206457326378,-4.7108513272508645,-4.7029650713340105,-4.694975397241631,-4.681199116998726,-4.6670705891200175,-4.666281098767326,-4.6396888338124445
-4.715427268225501,-4.740363881122263,-4.7371071967635485,-4.734897792943765,-4.734759508742509,-4.718723863696043,-4.708368651992839,-4.700468653713195,-4.692473374749354,-4.6787208709301975,-4.664589752068162,-4.663838128541051,-4.6372568288212035
-4.713075464036056,-4.737797213396846,-4.734563915699628,-4.7323517108028375,-4.732174185127119,-4.716176611912431,-4.705821724516725,-4.697907897786163,-4.68990547327494,-4.676179978122533,-4.662044003450159,-4.66132509274682,-4.634762700520356
-4.71065902269681,-4.735162061024606,-4.731951499213859,-4.729736448573752,-4.729519173795327,-4.71356255659752,-4.70320837890373,-4.695280657408961,-4.687269696446741,-4.673574071013119,-4.659431265700328,-4.65874025305237,-4.632204287432398
-4.708175634573038,-4.732456355082826,-4.72926793201438,-4.727050006105304,-4.726792463683855,-4.710879552373293,-4.70052644923507,-4.692584786437643,-4.684564047893109,-4.670900782039338,-4.656749461252982,-4.656081871125439,-4.629579428079829
-4.705622990030007,-4.729678026648792,-4.726511198809329,-4.724290383246285,-4.723992043729421,-4.708125453861736,-4.697773769591956,-4.689818138728259,-4.681786531242395,-4.668157743638574,-4.653996512542438,-4.653348208633766,-4.626885960985146
-4.702998779432987,-4.726825006799786,-4.723679284306846,-4.72145557984549,-4.721115902868745,-4.705298115684831,-4.694948174055604,-4.68697856813686,-4.678935150122949,-4.665342588248214,-4.651170342003012,-4.650537527245087,-4.6241217246708475
-4.700300693147251,-4.723895226613089,-4.720770173215068,-4.718543595751711,-4.718162030038545,-4.70239539246456,-4.6920474967072225,-4.684063928519501,-4.676007908163126,-4.662452948305641,-4.64826887206902,-4.64764808862714,-4.62128455765943
-4.697526421538069,-4.720886617165985,-4.717781850242133,-4.715552430813745,-4.7151284141755445,-4.699415138822908,-4.689069571628029,-4.681072073732229,-4.673002808991277,-4.659486456248242,-4.645290025174778,-4.644678154447661,-4.6183722984733935
-4.694673654970712,-4.717797109535761,-4.714712300096179,-4.712480084880386,-4.712013044216462,-4.696355209381856,-4.686012232899234,-4.678000857631099,-4.6699178562357515,-4.6564407445133975,-4.642231723754602,-4.641625986374391,-4.615382785635233
-4.69174008381045,-4.714624634799695,-4.7115595074853465,-4.709324557800425,-4.708813909098014,-4.69321345876339,-4.682873314602051,-4.6748481340721595,-4.666751053524901,-4.653313445538496,-4.639091890242809,-4.638489846075064,-4.6123138576674485
-4.688723398422555,-4.711367124035076,-4.708321457117771,-4.706083849422658,-4.705528997756924,-4.689987741589492,-4.6796506508176945,-4.671611756911466,-4.66350040448708,-4.6501021917609195,-4.635868447073713,-4.635267995217421,-4.609163353092537
-4.685621289172294,-4.708022508319181,-4.704996133701592,-4.702755959595879,-4.702156299129909,-4.686675912482145,-4.6763420756273755,-4.668289580005068,-4.660163912750638,-4.646804615618055,-4.632559316681631,-4.631958695469198,-4.605929110432997
-4.682431446424942,-4.704588718729298,-4.7015815219449495,-4.6993388881688825,-4.6986938021536915,-4.683275826063333,-4.672945423112307,-4.6648794572090155,-4.656739581943927,-4.643418349547285,-4.629162421500881,-4.628560208498132,-4.602608968211324
-4.679151560545768,-4.701063686342707,-4.698075606555979,-4.695830634990462,-4.6951394957649875,-4.679785336955038,-4.6694585273537035,-4.661379242379363,-4.653225415695299,-4.639941025985996,-4.625675683965777,-4.6250707959719595,-4.599200764950018
-4.675779321900043,-4.697445342236694,-4.69447637224282,-4.692229199909411,-4.691491368900519,-4.676202299779243,-4.665879222432776,-4.6577867893721585,-4.649619417633103,-4.6363702773715705,-4.622097026510635,-4.621488719558419,-4.595702339171576
-4.672312420853036,-4.693731617488542,-4.6907818037136115,-4.688532582774523,-4.687747410497007,-4.672524569157934,-4.662205342430739,-4.654099952043458,-4.6459195913856925,-4.632703736141396,-4.618424371569771,-4.617812240925252,-4.592111529398498
-4.66874854777002,-4.689920443175532,-4.686989885676492,-4.684738783434594,-4.683905609491169,-4.668749999713092,-4.658434721428805,-4.650316584249309,-4.6421239405814205,-4.628939034732854,-4.614655641577501,-4.614039621740191,-4.588426174153277
-4.665085393016264,-4.686009750374948,-4.683098602839598,-4.680845801738418,-4.6799639548197245,-4.664876446066699,-4.65456519350819,-4.646434539845765,-4.638230468848636,-4.625073805583332,-4.610788758968144,-4.610169123670975,-4.584644111958416
-4.66132064695704,-4.6819974701640765,-4.679105939911068,-4.676851637534785,-4.6759204354193935,-4.660901762840742,-4.6505945927501005,-4.6424516726888765,-4.634237179815693,-4.621105681130212,-4.606821646176012,-4.606199008385341,-4.580763181336409
-4.657451999957618,-4.677881533620197,-4.675009881599041,-4.672754290672494,-4.671773040226897,-4.6568238046572,-4.646520753235756,-4.638365836634699,-4.630142077110941,-4.617032293810881,-4.602752225635424,-4.602127537551028,-4.576781220809756
-4.653477142383268,-4.673659871820592,-4.670808412611656,-4.668551761000339,-4.667519758178954,-4.652640426138059,-4.642341509046365,-4.634174885539277,-4.625943164362733,-4.612851276062722,-4.5985784197806945,-4.597952972835775,-4.572696068900955
-4.649393764599262,-4.66933041584255,-4.66649951765705,-4.664242048367109,-4.663158578212283,-4.648349481905301,-4.638054694263143,-4.629876673258668,-4.6216384451994195,-4.608560260323121,-4.5942981510461385,-4.5936735759073155,-4.5685055641325
-4.645199556970871,-4.66489109676335,-4.662081181443363,-4.659823152621602,-4.658687489263606,-4.64394882658091,-4.6336581429673025,-4.625469053648921,-4.617225923249354,-4.604156879029462,-4.589909341866074,-4.589287608433388,-4.564207545026894
-4.640892209863364,-4.6603398456602765,-4.657551388678731,-4.6552930736126115,-4.654104480269639,-4.639436314786868,-4.629149689240057,-4.620949880566089,-4.6127036021408845,-4.5996387646191295,-4.585409914674818,-4.584793332081732,-4.559799850106632
-4.636469413642011,-4.655674593610613,-4.652908124071295,-4.650649811188931,-4.649407540167107,-4.634809801145159,-4.6245271671626185,-4.616317007866222,-4.608069485502367,-4.595003549529507,-4.580797791906683,-4.580189008520084,-4.555280317894212
-4.631928858672084,-4.650893271691642,-4.64814937232919,-4.645891365199355,-4.644594657892724,-4.630067140277768,-4.6197884108161995,-4.611568289405371,-4.603321576962149,-4.590248866197982,-4.576070895995988,-4.575472899416182,-4.550646786912132
-4.627268235318855,-4.645993810980648,-4.6432731181605575,-4.641015735492677,-4.639663822383214,-4.625206186806675,-4.6149312542820145,-4.60670157903959,-4.598457880148585,-4.585372347061936,-4.571227149377047,-4.570643266437764,-4.545897095682891
-4.622485233947594,-4.640974142554912,-4.638277346273534,-4.636020921917691,-4.634613022575295,-4.620224795353865,-4.609953531641277,-4.601714730624929,-4.593476398690024,-4.580371624558756,-4.5662644744841785,-4.565698371252567,-4.541029082728985
-4.61757754492357,-4.63583219749172,-4.633160041376258,-4.63090492432319,-4.629440247405686,-4.61512082054132,-4.604853076975198,-4.59660559801744,-4.58837513621482,-4.575244331125827,-4.561180793751696,-4.560636475528327,-4.536040586572913
-4.612542858612056,-4.630565906868352,-4.627919188176868,-4.625665742557972,-4.624143485811107,-4.609892116991025,-4.599627727366902,-4.591372035073174,-4.5831520963513235,-4.56998809920053,-4.555974029613919,-4.555455840932784,-4.5309294499549875
-4.607378865378321,-4.625173267045158,-4.622552771383502,-4.620301376470827,-4.618720726728279,-4.604536539324963,-4.594276119330969,-4.586011897758244,-4.577805282727887,-4.564600561220253,-4.55064210450516,-4.550154729133674,-4.525693887980313
-4.602083255587634,-4.619653759885688,-4.617058775704299,-4.61480982591055,-4.613169962782526,-4.599051951878501,-4.588798760630528,-4.580523713147144,-4.57233270155686,-4.559079351433363,-4.545182942232269,-4.5447314010467394,-4.520332774548984
-4.596653897350648,-4.614008343917838,-4.6114352510419225,-4.609189454899258,-4.607490155122478,-4.593437286902549,-4.583196426380472,-4.574907634169385,-4.5667330375361415,-4.553426153792365,-4.539594995655075,-4.539184010963879,-4.514845050978067
-4.591090268487041,-4.608238041184768,-4.6056817265452645,-4.603440550683911,-4.601682525504912,-4.587693495303506,-4.577469891695691,-4.569164055148227,-4.561006559001246,-4.547655310622411,-4.533878044438548,-4.533510497106823,-4.509229658584626
-4.5853927029803545,-4.602343873729642,-4.59979919945827,-4.597564033060858,-4.5957486176357945,-4.581821752369838,-4.5716199316910755,-4.563293370406931,-4.555153759824716,-4.541783630736011,-4.528032072904931,-4.527708771569627,-4.503485538685727
-4.579561542747592,-4.596326863595625,-4.593788729989139,-4.591560822207434,-4.589689975221083,-4.575823233390012,-4.565647321481517,-4.557295974268761,-4.5491751338790944,-4.535827922945672,-4.5220570653764725,-4.5217767464463545,-4.497611632598435
-4.573597129705752,-4.590188032825877,-4.587651378346063,-4.585431838300973,-4.583508141966744,-4.569699113652494,-4.559552836181903,-4.551172261056976,-4.5430711750369275,-4.529804286061755,-4.515953006175418,-4.515712333831061,-4.491606881639815
-4.56749980577184,-4.583928403463562,-4.581388204737243,-4.5791780015188115,-4.577204661578736,-4.5634505684457505,-4.553337250907125,-4.5449226250948405,-4.536842377170754,-4.5236969135981955,-4.509719879624014,-4.509513445817808,-4.485470227126933
-4.561269912862854,-4.577548997551845,-4.57500026937087,-4.5728002320382855,-4.570781077763021,-4.557078773058248,-4.547001340772074,-4.5385474607056135,-4.53048923415312,-4.517446021675178,-4.5033576700445055,-4.503177994500651,-4.479200610376854
-4.554907792895798,-4.571050837133885,-4.568488632455142,-4.56629945003673,-4.564238934225564,-4.550584902778454,-4.54054588089164,-4.53204716221256,-4.524012239856567,-4.511011493024097,-4.49686636175914,-4.496703891973653,-4.472796972706641
-4.5484137877876725,-4.5644349442528505,-4.561854354198257,-4.559676575691482,-4.557579774672325,-4.543970132894834,-4.533971646380712,-4.525422123938939,-4.517411888153639,-4.504400806250661,-4.490245939090162,-4.490089050330871,-4.466258255433362
-4.541788239455478,-4.5577023409518995,-4.555098494808407,-4.5529325291798735,-4.550805142809265,-4.537235638695854,-4.527279412354184,-4.518672740208012,-4.510688672916879,-4.497627370361809,-4.4834963863598185,-4.483331381666365,-4.459583399874083
-4.535031489816218,-4.550854049274197,-4.548222114493791,-4.546068230679241,-4.543916582342348,-4.530382595469985,-4.520469953926941,-4.511799405343044,-4.5038430880188285,-4.490704594364483,-4.476617687890355,-4.476428798074195,-4.452771347345866
-4.528143880786892,-4.543890988641612,-4.5412262734626045,-4.539084600366923,-4.536915636977536,-4.523412178505689,-4.513542979890284,-4.504802512159411,-4.496875627332033,-4.48364588726562,-4.469609828004019,-4.469379211648417,-4.445821039165778
-4.521125754284504,-4.536807101185423,-4.5341120319230415,-4.5319825578936985,-4.529803715582236,-4.516325423803198,-4.5064895689274955,-4.497679679353707,-4.489786750215306,-4.476464618414655,-4.462472757237663,-4.462180534483093,-4.438731416650885
-4.513973885694124,-4.5295850143607295,-4.526878708338687,-4.524758422406036,-4.52257526767446,-4.509116178354272,-4.499296617693284,-4.490420007255947,-4.482572891892655,-4.469166078895745,-4.455202486913549,-4.45483067867228,-4.43150142111825
-4.506649129131723,-4.5222063214537505,-4.519510325121941,-4.517392716111875,-4.515214560228474,-4.5017677705822,-4.491950995370171,-4.483010966586737,-4.475222752581362,-4.461737695126762,-4.447787456576953,-4.44732755631004,-4.424129993884941
-4.499091548884452,-4.514652615750703,-4.511982970642537,-4.509862573269071,-4.507705051326286,-4.494262693324493,-4.484439571140681,-4.475440028066679,-4.467724154923216,-4.454164500772396,-4.440215246716899,-4.439669079490429,-4.416616076268021
-4.491240955700712,-4.506905490537806,-4.504272665942637,-4.502145128135481,-4.500030199049901,-4.486583439418665,-4.4767492141873335,-4.467694662416376,-4.4600649215600106,-4.446431529497328,-4.432473437822408,-4.431853160307509,-4.408958609584556
-4.483037160328901,-4.498946539101277,-4.496355432064415,-4.494217514968961,-4.492173461481324,-4.478712501702238,-4.468866793692653,-4.459762340356432,-4.452232875133536,-4.438523814966243,-4.424549610382503,-4.4238777108553355,-4.401156535151614
-4.474422973288588,-4.490757354727332,-4.4882072900500365,-4.486056868027368,-4.48411829670256,-4.4706323730127195,-4.460779178839165,-4.451630532607454,-4.444215838285583,-4.430426390843828,-4.416431344886206,-4.415740643227971,-4.393208794286254
-4.465445871840063,-4.482319530702192,-4.479804260941666,-4.477640321568556,-4.475848162795613,-4.462325546187627,-4.4524732388093895,-4.44328670989004,-4.436001633657943,-4.422124290794765,-4.408106221822539,-4.407439869519472,-4.385114328305546
-4.4562827638062785,-4.473614658246419,-4.471122365781477,-4.468945009850385,-4.467346517842492,-4.453774514064475,-4.443934306296525,-4.434718254042237,-4.427578083892408,-4.413602548483741,-4.399561821680526,-4.3989733018239,-4.3768703144108905
-4.447109719661213,-4.464624283026101,-4.46213765114279,-4.459948778889533,-4.4585963492759735,-4.444961479156871,-4.435135955299859,-4.42590462745494,-4.4189324803955925,-4.404845543678547,-4.39078556855643,-4.390336837829821,-4.368454929465907
-4.437852792597016,-4.455329906213512,-4.4528294585004975,-4.450646103000751,-4.44957483955415,-4.435865063131313,-4.426046327573212,-4.416811240594359,-4.410041169959595,-4.39582786815951,-4.381762765037392,-4.381501529603612,-4.359834771870404
-4.428159265346562,-4.445713027127439,-4.443183642212309,-4.441048229318249,-4.440255261206459,-4.42646147578215,-4.4166335355778426,-4.4074020606425774,-4.4008702188743944,-4.386516576975153,-4.372477185609911,-4.372421694494333,-4.350976275415479
-4.417693885045448,-4.435755145086671,-4.433186821040031,-4.431167145640018,-4.430610813776884,-4.416726881882049,-4.406865691775007,-4.39764105478168,-4.391385295180436,-4.376878531192163,-4.362912571069004,-4.363051337469186,-4.341845873892222
-4.406711680576667,-4.425437759409993,-4.422825613745464,-4.421009052859627,-4.420608414922432,-4.406630377504867,-4.396710908625967,-4.3874936393777775,-4.381552066918174,-4.36688059187723,-4.353046357259248,-4.353344463495376,-4.332410001091728
-4.3956629868178085,-4.414742369416194,-4.412086639090413,-4.410001751028086,-4.409722091077159,-4.395760823299975,-4.386137298591978,-4.376934235166781,-4.371336202128056,-4.356489620097042,-4.342241769070483,-4.343255077540106,-4.322635090805087
-4.384434161598104,-4.40365047442406,-4.40095651583668,-4.397549508747495,-4.397563028873722,-4.3839067975669925,-4.375112974134301,-4.365940716046454,-4.360703368850535,-4.345672476918294,-4.329880334664276,-4.332737184570579,-4.312487576823392
-4.372851834176793,-4.392143847446774,-4.389421862746068,-4.386300388382046,-4.386538442776929,-4.372859871383349,-4.36360693440162,-4.3544909665659555,-4.349619235126061,-4.3343960234076695,-4.319229669572427,-4.321744789553995,-4.301933892937734
-4.360756638866541,-4.38022056690536,-4.377469782795693,-4.375120065663171,-4.3756424619184004,-4.361706523319422,-4.351612451020025,-4.342570365126588,-4.338050042298091,-4.322627983234894,-4.308666385474152,-4.310232790481366,-4.29094629772955
-4.348138832367721,-4.367903917981487,-4.365101752776408,-4.362996531352324,-4.3639002398088875,-4.349687563965826,-4.339149441036916,-4.33018757973533,-4.325992451280106,-4.310358193906538,-4.296552748282904,-4.2981904954490515,-4.279525561080186
-4.335079288395165,-4.35521934641244,-4.352335691058871,-4.350092883081125,-4.351424195723702,-4.336927073812746,-4.326239184070624,-4.317355789557516,-4.313488117683788,-4.297599949095988,-4.2834288454085225,-4.285651736161028,-4.267681162700021
-4.321660146188679,-4.34219229793551,-4.339190416125587,-4.3365980554257675,-4.338358377467415,-4.323571333210227,-4.312902959739486,-4.304088173758476,-4.300582326209488,-4.2843676738379575,-4.269924438591252,-4.272653302237065,-4.255422584468914
-4.30796354498807,-4.328848218287981,-4.3256847464590695,-4.322700982962445,-4.324846832844598,-4.309766622508317,-4.2991620397308505,-4.29039791150354,-4.2873203615575655,-4.270675793167155,-4.256339865508237,-4.259231983296937,-4.242759308266723
-4.2940627168134835,-4.315213219125216,-4.311837438895339,-4.308586616203339,-4.311032995918762,-4.295657657897996,-4.2850319674281705,-4.2762990325698915,-4.273747508414242,-4.256538913945422,-4.242402522142981,-4.245424564128306,-4.229700834197634
-4.279869748909403,-4.301316336603793,-4.2976556508624695,-4.294295537876739,-4.29699590561706,-4.281314125285488,-4.270512468362568,-4.261811929991664,-4.2599001704529345,-4.241990720759144,-4.2279243065071155,-4.2312586372243866,-4.21625857450491
-4.2651566773537,-4.287187409370659,-4.283121346972855,-4.279686656616565,-4.2826945203054745,-4.266699109555198,-4.255600560835662,-4.246959879127003,-4.2457804639827526,-4.227100473301752,-4.21294856864481,-4.216733479859852,-4.202447507085156
-4.2497116817874545,-4.272630170095712,-4.268213187077449,-4.264606615564652,-4.268074672945659,-4.2517675721305,-4.240293263149069,-4.231766169591882,-4.231382224876139,-4.211941319803332,-4.197539888830627,-4.2018429348237545,-4.188282999578675
-4.233562612737065,-4.256598569492376,-4.2529098310272015,-4.248892716073045,-4.253082196499263,-4.2364744744347655,-4.224587593604404,-4.216254091002277,-4.216690365309238,-4.196586408493973,-4.181762847339128,-4.1865808449051505,-4.173780419625768
-4.216890747779359,-4.243746176716659,-4.237189938673066,-4.233338303879397,-4.237662923927942,-4.220774777891361,-4.208477814019073,-4.200415326194561,-4.201663427865524,-4.181108887603758,-4.165659384230479,-4.170940019479409,-4.15895433042532
-4.19979146146042,-4.2296286948817405,-4.221030621601441,-4.2196679566939705,-4.221794339716056,-4.2046244132551305,-4.191928170969298,-4.182937575578015,-4.186255032127807,-4.1649689959391,-4.149110104826778,-4.15488741974586,-4.143784255196066
-4.182125453405897,-4.2081695156634575,-4.204393955328465,-4.199817316630422,-4.205813895905043,-4.187984159200612,-4.1748844681537065,-4.166189347631867,-4.17041458117347,-4.146658716079869,-4.131928431695819,-4.138362947685508,-4.128201891053741
-4.163714924392751,-4.192378767009381,-4.1872335581208,-4.183158381765192,-4.189909020624396,-4.170816306870612,-4.1572922407708495,-4.1492777790186315,-4.154085122132961,-4.1293885464055045,-4.114072613900715,-4.121305229498016,-4.112135495620336
-4.144386491135059,-4.174716960715817,-4.169502953926279,-4.165714280418678,-4.173172964726317,-4.153083147907679,-4.139095773679434,-4.131243390438755,-4.137209175858049,-4.111458779421796,-4.095683874731665,-4.103653369376538,-4.095513327484253
-4.124213451039642,-4.156271694277541,-4.151152739335518,-4.147233780954172,-4.15564130485061,-4.1347413948982865,-4.120224545450159,-4.1124782103424895,-4.119729241433861,-4.092727507793363,-4.076720100383102,-4.085367033491888,-4.078266052050681
-4.103658635012121,-4.137123896039121,-4.132109622258725,-4.127776545078472,-4.13741199713943,-4.115717811867534,-4.100598351891329,-4.0929452313934584,-4.101585036962451,-4.07317798486408,-4.057052855978629,-4.066433804225315,-4.06033192790343
-4.08188299309119,-4.117222282586312,-4.112288653438617,-4.107434373317958,-4.118430055149111,-4.095929156667448,-4.08013682147467,-4.072573696305769,-4.082710798412734,-4.052791456737033,-4.036553365704668,-4.046843256040281,-4.041650707344794
-4.058260309554853,-4.096515570504866,-4.091604804902917,-4.086372932074577,-4.098634536418216,-4.075292180110476,-4.058759582671902,-4.05129284779354,-4.063040120430548,-4.031549169334629,-4.015038355372129,-4.02658492975808,-4.022162142677068
-4.034951902305718,-4.074952476380533,-4.0699749812596995,-4.064713583242507,-4.077964363221517,-4.053723633009068,-4.036386263954747,-4.029031928570878,-4.042506597661732,-4.009413891919577,-3.9917912318024773,-4.005611173685275,-4.001805986202544
-4.011091885889744,-4.052481716799065,-4.047342951111057,-4.042096121878119,-4.056341524705028,-4.03114026617567,-4.012936493794925,-4.0057201813518954,-4.0210438247521205,-3.986241879143755,-3.9685026089078868,-3.983766037076467,-3.9805219902235165
-3.986459630869023,-4.029052008346215,-4.023672160804118,-4.017971157303341,-4.0336548143364315,-4.007458830422731,-3.9883415971949367,-3.981287370470394,-3.9985853963475564,-3.9618512973681126,-3.944307983786797,-3.960873965450939,-3.9582499070422807
-3.9600297808111673,-4.00443148194832,-3.998897308404091,-3.9921441517198177,-4.009789690985923,-3.9826148484742396,-3.9627717753384935,-3.9557141031793535,-3.9750649070938744,-3.936114240881358,-3.918556325244454,-3.936849546098192,-3.934928925805473
-3.9329394239197604,-3.9779944391798407,-3.9726025106725076,-3.9662734057571374,-3.984705055272646,-3.956711928336768,-3.93599214739108,-3.929073735237493,-3.951241138239494,-3.909485985000826,-3.8921303150928863,-3.9119993301705773,-3.910487383782338
-3.902126085156899,-3.9455074340912826,-3.9446913604171803,-3.935365274468052,-3.9585082724132015,-3.929942257610458,-3.9059135630252753,-3.901449685508243,-3.922370321885276,-3.878014460434818,-3.8649041999930858,-3.8842593206170504,-3.884923778017158
-3.874700353067181,-3.922104969173834,-3.9166630034296417,-3.910117500552258,-3.9313249436296793,-3.902436632120182,-3.879962418150134,-3.872976170538235,-3.9005248963538186,-3.8546850972061906,-3.8367843906303154,-3.860300873205356,-3.858625072297451
-3.8442361499701505,-3.8921777363957357,-3.8872926090363933,-3.8804202284321234,-3.9043588229042614,-3.873575312636366,-3.8503822613598047,-3.8439053415920474,-3.8730369462874026,-3.824907216517815,-3.807935051178688,-3.831602510181174,-3.8313625170455228
-3.8130353674462643,-3.8611319202904357,-3.8554187838200087,-3.850190948224954,-3.8734703532372614,-3.8435548753639854,-3.819033115167216,-3.814303910797972,-3.8440085670921422,-3.7955018183657083,-3.7769117391061555,-3.80306035112249,-3.8031187611583386
-3.779879431437243,-3.830654830412269,-3.8239172749435286,-3.8189522987768125,-3.844400049965962,-3.8135026564285894,-3.788028511660831,-3.782888694894728,-3.815726354244824,-3.7646417329569624,-3.7465693698518128,-3.773932967991881,-3.7739391153777784
-3.7460548192308427,-3.7975839322915177,-3.792360537345209,-3.786674098860961,-3.8133904596208175,-3.782024205286214,-3.7557244499994353,-3.7506835760390502,-3.7857576341148103,-3.733026149106299,-3.714912691232558,-3.743782472135039,-3.7437157349689714
-3.7116544295170524,-3.7642643744804394,-3.7585419936856113,-3.7533086617203404,-3.780521641133092,-3.7496153728314114,-3.7218171941533997,-3.718233518808193,-3.7540621799063087,-3.7009106938346226,-3.682078124145192,-3.7121294117284265,-3.7122761738415693
-3.6761229404647473,-3.729169367271941,-3.7239827773541077,-3.7188083005979014,-3.747596411030483,-3.715525991608607,-3.687692150614733,-3.6854431818822095,-3.723213103179823,-3.6672454335095623,-3.6488485680663043,-3.679101500967425,-3.679638297137942
-3.6395460088132174,-3.693489978515199,-3.688121698324156,-3.6843029074787332,-3.713633812521718,-3.6794209063714653,-3.6506445698006664,-3.6499822668955213,-3.6889803712782125,-3.6321279502760233,-3.6132167637214954,-3.6453424705671007,-3.6463650920158184
-3.6046742728079066,-3.657576676788683,-3.6525527166978464,-3.648069291924265,-3.678405186310175,-3.6466764755113608,-3.616800230500919,-3.6153805210678134,-3.655721414882957,-3.596202868447725,-3.579299265774456,-3.610816360589423,-3.612650203885879
-3.5666143114984687,-3.6201511139022204,-3.615433216860046,-3.610843409895864,-3.64314342345019,-3.6092352516018122,-3.5796208118206,-3.5789476044867645,-3.6201004148519025,-3.560929728723835,-3.5423398311399,-3.57567476767619,-3.577529576752976
-3.5284708062229937,-3.582432974554207,-3.577613056574185,-3.574220972301614,-3.606792408571231,-3.572830539253167,-3.5424585809683795,-3.542412011875048,-3.583915788839663,-3.523763685093886,-3.50606713570884,-3.540509723653022,-3.542200576222968
-3.4912082226623777,-3.5439542374587445,-3.538738115146684,-3.537014573497586,-3.5700143803330606,-3.5362352285811087,-3.5042987728111195,-3.50584343957274,-3.547973066180533,-3.4863378071809765,-3.4686297142224696,-3.5030226326381344,-3.506214660815191
-3.452392531548217,-3.505027304334868,-3.500603032119042,-3.496020652327374,-3.5314895463261005,-3.4977042389327626,-3.4657759620531734,-3.466567307073536,-3.509292270223239,-3.4485415617716217,-3.430593825450943,-3.465461919777279,-3.468941159122332
-3.413231602520237,-3.464877402538686,-3.4605124694081795,-3.459006533949425,-3.493619810569602,-3.459236666811898,-3.426350593544139,-3.42772713157104,-3.4705717516996724,-3.4094014766773655,-3.3919083466237416,-3.427095186720011,-3.430941447470635
-3.375041528538081,-3.425107032287364,-3.42159101029512,-3.418849296073811,-3.4528063683902324,-3.419908174806265,-3.3870846496611655,-3.388970092319326,-3.432363053411328,-3.3702500545777956,-3.3531530058509196,-3.3885277163501755,-3.392755624775165
-3.3347182415670553,-3.3844216962362696,-3.380406627182422,-3.378877532177014,-3.414555646894142,-3.379581673452642,-3.347384678230829,-3.3489811723537977,-3.3921471673627646,-3.3313055768657467,-3.313163600912743,-3.3489773327160446,-3.3539703590941774
-3.2949505540825443,-3.343368688325528,-3.34075246909303,-3.3390265450203556,-3.373178575937567,-3.340541354515142,-3.3075700785019824,-3.3087416126016342,-3.3533014127291225,-3.2913141576750404,-3.274637443578984,-3.3102462241997768,-3.314417232435399
-3.2545660058252297,-3.3026804468958812,-3.2999428463237734,-3.2980881693300317,-3.3326493508230866,-3.2998218714126986,-3.2673787815871282,-3.268642692716397,-3.3124280806801094,-3.251276789351557,-3.23448397878,-3.2707387791502933,-3.27500417089451
-3.2148867666263357,-3.261765585339664,-3.2597242301032034,-3.257829628290232,-3.2911727848830172,-3.2598346777015608,-3.2267022161412564,-3.228498169532672,-3.272551922434037,-3.210997378264488,-3.1954624101504785,-3.230646907791421,-3.23540508964078
-3.1735899502447174,-3.21955181737543,-3.2170723837339694,-3.216366696606041,-3.250280905285189,-3.2194205187147054,-3.186457677027641,-3.1870621888819137,-3.231336739580712,-3.171222316140768,-3.1552664444845857,-3.190611433428616,-3.194328563940414
-3.1330672916708773,-3.177792833964447,-3.176472623171877,-3.1744920494931916,-3.2080943895067535,-3.1783445350380246,-3.1455473305911505,-3.1449990372659813,-3.1908556361293243,-3.1303850661917205,-3.1155017657001656,-3.1508554326118183,-3.1539846287461746
-3.0920447477842097,-3.1365065960719085,-3.135479230830438,-3.133865270871164,-3.1670193361358434,-3.137480601668462,-3.1050276092488374,-3.106431735257713,-3.1513796815206847,-3.090783443522139,-3.0763703935164304,-3.1117601195345372,-3.1135572276649035
-3.0515217091226963,-3.095254495747907,-3.0940887742755656,-3.092882604794571,-3.125089450090055,-3.0967528482554156,-3.0646336283639135,-3.0673582551168845,-3.1106093108927277,-3.052243622123036,-3.036886869984213,-3.0721890339325184,-3.0731252569243916
-3.0121223246230047,-3.0533936437349074,-3.0529527527248757,-3.052205974906239,-3.0825540967790084,-3.055414102693392,-3.0235205088777675,-3.026905908690532,-3.0705558761818645,-3.0123840687049483,-2.9978677007557035,-3.0326384928149483,-3.0327411038833807
-2.9718499881817557,-3.012257766101341,-3.012088277510615,-3.0110887319409025,-3.04176041481195,-3.0155864032960222,-2.984611193575862,-2.987140412308381,-3.0314996858333534,-2.9739768578557606,-2.9602129651873605,-2.993603869785519,-2.9926777203619515
-2.9311824605488845,-2.969251264339321,-2.9683110764341327,-2.9632752825100006,-2.9974788252478395,-2.9751602048513943,-2.936580648709441,-2.9483856777805824,-2.989753595371982,-2.9340981544482077,-2.9204533276303155,-2.948475068285376,-2.948320988010887
-2.8925243070450146,-2.930631305988524,-2.9308406696643896,-2.9304303172733284,-2.9604933988962356,-2.936331190523875,-2.9054574158497477,-2.909424470130672,-2.9515068862727536,-2.89618954794564,-2.8827469773521113,-2.915289036992269,-2.9133891458292185
-2.8540379102598177,-2.891000569271245,-2.891371145375457,-2.8921573737468482,-2.9189937702139184,-2.8964293281183395,-2.866990344802884,-2.8709523019638867,-2.912490858718438,-2.858643076389417,-2.8453635646836664,-2.878846855282501,-2.8745148398596747
-2.8149343910032605,-2.8497278339000838,-2.850983747640557,-2.8509420742666607,-2.8791839005489783,-2.8576103100442554,-2.828827574819844,-2.8337338594919435,-2.873560584239585,-2.820876209469833,-2.807683338144002,-2.8401493507018603,-2.8352245085472227
-2.776886104176551,-2.8124180471052247,-2.813451294817714,-2.813824748902577,-2.8414862825298144,-2.820560413873324,-2.792536776669455,-2.7962976229557572,-2.8349965282178045,-2.7839599014445855,-2.7710928985985515,-2.803423460065131,-2.7970992030779036
-2.7398811835123915,-2.7747136433163355,-2.776447940510649,-2.7763902235550706,-2.802646721997056,-2.781437757699714,-2.754267686837184,-2.7595467292205846,-2.7959878818812425,-2.747160411038517,-2.7354756299675973,-2.7660975671565615,-2.7602560408953165
-2.7031179253114077,-2.736920865704454,-2.7387893471431792,-2.7390454687041244,-2.7645981596413938,-2.7457857839042625,-2.7188900202452686,-2.7224584703091894,-2.7591801833151846,-2.711886148208582,-2.6999294641813796,-2.729646364071131,-2.723124503541463
-2.667524296789166,-2.6996910600199353,-2.7014432696906563,-2.7020849046187747,-2.726929244101901,-2.708827563598631,-2.683279108666477,-2.686693031621967,-2.7224263556278947,-2.6757120245059007,-2.6651339400982943,-2.6937024998174977,-2.68626998577297
-2.632294910472576,-2.663411539799864,-2.6657172909344067,-2.666326563899668,-2.6898221791776886,-2.6724001905942645,-2.647283028503993,-2.651938545819485,-2.6862686385144547,-2.6397351012374957,-2.6290809976596625,-2.6582429940075922,-2.650600853023756
-2.597278635608584,-2.6280503866590728,-2.6304404063440128,-2.6314034197506198,-2.653478726880032,-2.637522577410692,-2.612840131683982,-2.617390562071992,-2.6518429940012367,-2.6074189493301465,-2.5969020601189077,-2.623684857190697,-2.616033630230162
-2.5631881347059386,-2.593355016086309,-2.5955310497917257,-2.595958813857823,-2.6182791789765862,-2.6031558453116763,-2.5792219706023154,-2.5828849638724223,-2.615911628615359,-2.5728356968892343,-2.5628882287200594,-2.589568100503574,-2.580588958051248
-2.5299323880209283,-2.5590797565410015,-2.561110222108911,-2.5614807908095734,-2.581860718824659,-2.567733076401254,-2.545770685888622,-2.5485670996541905,-2.5806592959082137,-2.5391246647586834,-2.5296323675592096,-2.553967994779153,-2.546187024514051
-2.4958269071021686,-2.5250184493309686,-2.5270854751409875,-2.5280496747275145,-2.5485822607257504,-2.534107377599525,-2.5122175777094427,-2.5162089646069594,-2.5476957994206257,-2.5069865204151247,-2.496970955560589,-2.5224301514606857,-2.5121267597230057
-2.462993773647461,-2.4911136845913697,-2.493389365790484,-2.4943778747768515,-2.5136963653708784,-2.500450714337614,-2.479515353976941,-2.4828780293388024,-2.5130736816244608,-2.473641662603467,-2.46418593826113,-2.488680006540054,-2.4787779128674257
-2.429880481960457,-2.4575557958969725,-2.4599916558355632,-2.4608097150386454,-2.4794210271592902,-2.467108714998664,-2.4457225210170077,-2.4493118655679997,-2.479176013510659,-2.4416022907326593,-2.4314308281598467,-2.45609248530155,-2.4456866893134634
-2.398029169016499,-2.424283342468684,-2.426812866953599,-2.427630418474783,-2.446305542637107,-2.434277597921983,-2.413185052379428,-2.41722373146377,-2.446353663357989,-2.409158620435953,-2.399181620953253,-2.4237525832171847,-2.4127566296063323
-2.3649359989344543,-2.3912223282225438,-2.393772997425996,-2.394575026845727,-2.412552434748772,-2.400891597029473,-2.380770772166057,-2.3837483186721764,-2.412352782906941,-2.3763785220333875,-2.3672687072288277,-2.3907595308018066,-2.379920765997711
-2.3321513813607706,-2.358230235662802,-2.3607880670449424,-2.361656276446203,-2.3805604213786724,-2.368252331750175,-2.3481020251899944,-2.351763393532439,-2.380456466509955,-2.3439858855095386,-2.335117299071692,-2.35762108407521,-2.3471121401910664
-2.299384039808075,-2.324957294312364,-2.327721813178265,-2.3287706415619778,-2.3459474884130387,-2.3347729944531292,-2.3151798887789026,-2.318653282126079,-2.346979189798042,-2.311088299711148,-2.3017852968804373,-2.3249667182681204,-2.3142649907028807
-2.2663063009729587,-2.291113024059752,-2.294401792222874,-2.2957233029740123,-2.3130669211203516,-2.3016656892752705,-2.2820919779313216,-2.285758894150167,-2.3138430404370394,-2.2785168303810828,-2.269354332951373,-2.292145409574009,-2.281315909587276
-2.2328122207838597,-2.2574504952537087,-2.2608401551801935,-2.2623172060240258,-2.280240133531704,-2.2679812820190577,-2.2489254850869074,-2.252744729580868,-2.280798223271404,-2.245399155358165,-2.2369204299449965,-2.259231772540782,-2.248201763417796
-2.199439066041205,-2.2237593364034947,-2.2274829446646387,-2.228356594917169,-2.24418159143431,-2.234174326594878,-2.2157335652533656,-2.2179648682243487,-2.246041764937389,-2.211706162348101,-2.2017197792404706,-2.225880007370417,-2.214859418767986
-2.1650781087470423,-2.189431635199,-2.1928716436619595,-2.1944705762671473,-2.2119109169551265,-2.2006366344385238,-2.181808542249465,-2.185368867831758,-2.2136950949985197,-2.178105789392591,-2.168990760107935,-2.192482550114109,-2.181199755198093
-2.13054034802069,-2.154785268146968,-2.1588867117908697,-2.1600542854577793,-2.177147565956841,-2.1664426578185556,-2.1469407709154797,-2.1511982027967957,-2.1801513133091945,-2.14372713220104,-2.1343631436040207,-2.1572269378558033,-2.1469322376787483
-2.095361629598413,-2.119798094786222,-2.1239993758755116,-2.1250699339277235,-2.1421012338675025,-2.1307505025603555,-2.1123896629258474,-2.1157092522744145,-2.144601000455103,-2.108974871031692,-2.0998530017972925,-2.124068866016835,-2.112784979407439
-2.060135023013593,-2.083788342762132,-2.089255682307327,-2.0901460397074225,-2.1079524407282673,-2.096005738240143,-2.077034045934889,-2.0815924300139477,-2.1110017943707393,-2.074283383549625,-2.064507035382039,-2.088353400515894,-2.0784173281747154
-2.0205733206857195,-2.047474417959628,-2.0480261449873804,-2.0479837343121066,-2.0705815378146744,-2.060466809955166,-2.0369598781273726,-2.0435619788198793,-2.074663840823402,-2.0346890194009406,-2.0201401197303572,-2.047728480133002,-2.0408707417644916
-1.9887217453950954,-2.0115635255819586,-2.0176973348956477,-2.0177400338046683,-2.036439602531579,-2.024399740361204,-2.00567553267263,-2.0098910655040427,-2.039876227707847,-2.002083106650727,-1.9933415136302652,-2.01843276033261,-2.0072396182371137
-1.9530560739650475,-1.9748391236338576,-1.9800960015557707,-1.9818476757749952,-2.0004399100220365,-1.9877512669534103,-1.9694128495783936,-1.9727793014545825,-2.003576454044906,-1.966947985921827,-1.9572932428634946,-1.9827311870876696,-1.97211634194011
-1.9146248681247862,-1.935000274718824,-1.9435281841665568,-1.9442800809853409,-1.9623584111417236,-1.9493153731742314,-1.931003950152524,-1.933950072493971,-1.9672341313116495,-1.9284574718461427,-1.9183854513834007,-1.9453694876509047,-1.9336319151295647
-1.8769712655253374,-1.898854082754283,-1.9063546473690494,-1.9073429367327284,-1.9273117998644922,-1.9132446886042564,-1.8937300439735671,-1.898904420135922,-1.9297408930436046,-1.890432681798309,-1.881252528856925,-1.907803682540648,-1.897840118600085
-1.8399646540454924,-1.861562134760651,-1.867762769233254,-1.8688174333542629,-1.8885508596182925,-1.8753731993321854,-1.85419093213901,-1.8596757677829936,-1.8918216623019646,-1.851287820118851,-1.8436200656348896,-1.8706569724126727,-1.8600915852510755
-1.7995071310575128,-1.8224647920890074,-1.828823450632669,-1.8295524415949682,-1.8495305816600296,-1.836609679834695,-1.8147964849878977,-1.8209994882641278,-1.8539026832455072,-1.8123641349734403,-1.803022838111722,-1.830746343653563,-1.8210078232617566
-1.7598406607220776,-1.782198152685845,-1.789102415520317,-1.789949634212714,-1.810197761169043,-1.7963266360914467,-1.776274669493444,-1.7807210348323563,-1.813871719342524,-1.773087819392701,-1.7630744073744493,-1.791498801127472,-1.7815619447857376
-1.7199829751876594,-1.7410255480346615,-1.747717054323456,-1.7492146135863542,-1.7680716459188082,-1.755599827403157,-1.7342337532267584,-1.7373654663185707,-1.7734258308358166,-1.7311118950882338,-1.7215912713574233,-1.7507633685353383,-1.7383203509482703
-1.6796447882767849,-1.7001336039761707,-1.70678222268434,-1.7075016572140134,-1.7285294830942288,-1.7151765452792012,-1.6934022035870877,-1.698178124270299,-1.7330676811741146,-1.6897611446284302,-1.6801537005620328,-1.7095873632249203,-1.6991085279966511
-1.6384214455602668,-1.6575570942782258,-1.6662634023320124,-1.6671871888540115,-1.6861051919851109,-1.6741447426556846,-1.65147861262449,-1.6569884963543804,-1.6912216336323043,-1.648540947680533,-1.6385692988072362,-1.66763344689018,-1.6580867973204718
-1.5962032414201923,-1.616456414194847,-1.6235655778219151,-1.6237391277639714,-1.6435840217004918,-1.6311090033844369,-1.6089915439039555,-1.614141083390211,-1.6481128712018702,-1.6049869624838111,-1.5952490101306454,-1.6254143635732405,-1.6142709149912833
-1.5560030034281591,-1.5731251733652614,-1.581304536670646,-1.5827145767244077,-1.6022867481493697,-1.589502033473796,-1.567042262982235,-1.5732752639383707,-1.6065185146693548,-1.5642263398125185,-1.5538867059858896,-1.5827596195784324,-1.5734156820931235
-1.5155572804772768,-1.531433172258656,-1.538833219679402,-1.5396046101027094,-1.5582895630674136,-1.5456399188236396,-1.5233926811679672,-1.5292026840158008,-1.5628778428142458,-1.5205606122574284,-1.509556297741947,-1.540060093701885,-1.5289855256714515
-1.4742949807272046,-1.4889999990617875,-1.4963787622007811,-1.4968165423424744,-1.515939651406101,-1.5038253049446717,-1.481873759941472,-1.4882070723758558,-1.5189559984138312,-1.4784399091664564,-1.4683304875689585,-1.4974462563410251,-1.4861242221165212
-1.43383919141332,-1.4481086539519832,-1.456235565418785,-1.4568371322860847,-1.4741467419072714,-1.4621387153608494,-1.4407228090416755,-1.4464621770570805,-1.478110337928237,-1.437853345149472,-1.4277173144601805,-1.4552580299489712,-1.4432524641285942
-1.3947046574005761,-1.4080789445522195,-1.4139201602137494,-1.414948463021916,-1.4326599658997157,-1.421596777876309,-1.3995227379946473,-1.4053647074145117,-1.4361183061200191,-1.39670696934798,-1.3869074115311275,-1.4141503143537895,-1.4005460280193682
-1.3561745571055945,-1.3690892932325036,-1.375926043786091,-1.3762670155648487,-1.3929182917112461,-1.3817696664870107,-1.3609757353090894,-1.36663640025187,-1.395345531662195,-1.3577389040230854,-1.348153217248871,-1.3742984076907876,-1.3598752007159551
-1.3197910349459587,-1.3312020292013058,-1.3381832318781057,-1.3388789583694831,-1.353821573170131,-1.3432013049196738,-1.323429476097369,-1.328898138176231,-1.356395880926538,-1.3195888615686209,-1.3112738535427066,-1.3359952778021182,-1.3201735166883553
-1.2835431677131361,-1.294819479118839,-1.30125206916764,-1.3017320304600766,-1.3167101354660216,-1.3063283719943222,-1.287379447374532,-1.2923502214529659,-1.3187967954885704,-1.284106282727209,-1.2740900301364824,-1.2984760998861617,-1.2820140651064376
-1.249731858286196,-1.2609087473258218,-1.266745503530005,-1.267479042208436,-1.2813229589446664,-1.2711022725579186,-1.2528150519230234,-1.2575077763343787,-1.2834407391460405,-1.2497057511121945,-1.2406186022827992,-1.2625829286828858,-1.2446687141374917
-1.2171182996310352,-1.227324913653151,-1.2327576172589507,-1.2333062524880203,-1.2465414063278515,-1.2372459071445325,-1.2196063391301115,-1.2236240301261059,-1.2470747722614888,-1.2160960016054658,-1.2067165873006978,-1.2286526829155582,-1.2070248187773611
-1.1858284355052477,-1.1946635511670707,-1.2010955862349744,-1.2012023789991184,-1.2140355620682177,-1.2046471929994849,-1.1880816193391426,-1.1916875946715217,-1.215176542306331,-1.1841483249959264,-1.1755313535690428,-1.1958001289035625,-1.1746480190256663
-1.1553908934734778,-1.1636358619901985,-1.1694729957479857,-1.1705141151224174,-1.1822077626477592,-1.1731898710228843,-1.1566834495302523,-1.1606067825099151,-1.1828912802172944,-1.1528344785359506,-1.1440708585886252,-1.164568530459405,-1.1424097644914109
-1.1260241472994343,-1.1338250296051415,-1.1395346767249594,-1.1404407515344757,-1.1523777135826472,-1.1423444397523337,-1.126491814431874,-1.1296005116539354,-1.1519107448195924,-1.1227820020662422,-1.1133953182793337,-1.132320188509418,-1.1097849129276616
-1.098029208963463,-1.1046775128844246,-1.1100173055529428,-1.1101416618802926,-1.1215875295200892,-1.1144198085819983,-1.0969153065224444,-1.1015336068613344,-1.1217684666674246,-1.0926479783339467,-1.0844161254259457,-1.1035187797965775,-1.078024120852254
-1.0655751020104656,-1.0758129629058444,-1.0805159594476916,-1.08105682354141,-1.0924256571767914,-1.081110478702284,-1.0672666937791544,-1.067320021672587,-1.0921766465645675,-1.063556678060272,-1.053896426609195,-1.0653834938471187,-1.03984546562266
-1.0398670452459058,-1.0470373827876303,-1.052169302939556,-1.0528542845566529,-1.06355192341293,-1.054352444510424,-1.0388587158363678,-1.0414706323687468,-1.0628474853147971,-1.0347668557046201,-1.0245208070820053,-1.0436326457353313,-1.0156480992843702
-1.011721637748293,-1.0181496770315106,-1.023774954443385,-1.0242516150192853,-1.0340657355554679,-1.0261425045067254,-1.011157717848209,-1.0129005393591353,-1.0334931853674496,-1.0046963955044852,-0.9973915679618774,-1.0151317209582384,-0.9856175426574039
-0.9826207699366548,-0.9888772043871034,-0.9919631300064282,-0.9921576004427797,-1.0049228503727397,-0.9977009567224054,-0.9785364725293777,-0.9832467731517621,-1.0039583151035283,-0.9753742317166977,-0.9646682129859593,-0.9858233020553238,-0.9542859048188995
-0.9529270059828656,-0.9589305831239039,-0.9647357763763977,-0.9651217710598226,-0.975467480854664,-0.9672906123403691,-0.9496111846168614,-0.952874213858613,-0.9743262322944929,-0.9441067480939896,-0.9351755769031918,-0.9552793860508226,-0.9225395692204261
-0.9228339278984311,-0.9279332833295363,-0.9341262187204344,-0.933877799368677,-0.9449766862458097,-0.9368257558190889,-0.9179887185535424,-0.9216803811761917,-0.9435133601317612,-0.9125056497126275,-0.9027375552181229,-0.9240315537365166,-0.8898876829645672
-0.8892116901285239,-0.8953409736643808,-0.9011855818198753,-0.9012289255399115,-0.9129583674636492,-0.9035939503511505,-0.8845130071180878,-0.8888277281926747,-0.9115539869007572,-0.878764871285752,-0.868872184746018,-0.8902694568133426,-0.8548181888946306
-0.8568998320743825,-0.8604809628182262,-0.8670067749554814,-0.8670159046813339,-0.8789445284547642,-0.870363788159178,-0.8494137458045152,-0.852446518839853,-0.8768096133336044,-0.8437437053587242,-0.8326290240565316,-0.8566834785776372,-0.818715525701065
-0.8189407907210171,-0.822332769433439,-0.8298033358559223,-0.8295142625704206,-0.8414354625702559,-0.8329425015076326,-0.8094646967212652,-0.8137695196617997,-0.837702922972035,-0.8040708662068008,-0.7922390253833449,-0.8181918126034446,-0.7782651647182949
-0.7767072394776231,-0.7789022938669597,-0.7867023809014364,-0.7876487929999536,-0.8012443505195259,-0.7923656804819715,-0.7667267980595686,-0.7718502870867606,-0.799797345920871,-0.7605689117708817,-0.7485268227843493,-0.7751829006115788,-0.7352910217636796
-0.7301699025717304,-0.7293712078798437,-0.739788076828936,-0.7399784115175599,-0.75647522276303,-0.7466933375884081,-0.7178294989367542,-0.722611515932408,-0.7541861657670937,-0.7116227245278381,-0.6983122327878845,-0.7273372928738399,-0.6876022560784836
-0.6748405011663265,-0.6757375856992601,-0.6855529325320902,-0.6846379591734515,-0.7041491346237317,-0.6918381287870583,-0.6629425276055301,-0.6680160906298536,-0.7028910689234689,-0.6553664372568679,-0.6420375541524527,-0.671506351565951,-0.6316328072033863
-0.6189110084291894,-0.6159425399864868,-0.626744199933858,-0.6270629212989891,-0.6462587560628446,-0.6351030377307432,-0.6038443553725715,-0.610448258444835,-0.6446326289549882,-0.5968482138581154,-0.5835019181363833,-0.6142922253826265,-0.5733064410418502
-0.5573763234423766,-0.5527243628654892,-0.563044224326517,-0.5620999657049296,-0.573989762188502,-0.5698846107900862,-0.5362025282460491,-0.5443579874395021,-0.5713790030769386,-0.5304590847561717,-0.5188267264447975,-0.5479908058127203,-0.5053822142818889
-0.49566974001718594,-0.48827879546163955,-0.49925158195906544,-0.49829354511837914,-0.5168849441057678,-0.5065655471058029,-0.47741206089882504,-0.4812070086001162,-0.5153278246498355,-0.4682972705520362,-0.4587114277825072,-0.482966619478945,-0.44406183547371675
-0.43318076328291955,-0.4244293057818627,-0.43506885781216637,-0.435071850214606,-0.44826162878331066,-0.44195582239830733,-0.4156361916445657,-0.41668668046145396,-0.44650195401509085,-0.40597033670656313,-0.3968023428704271,-0.41793838215906104,-0.3787629083030094
-0.3715600140631261,-0.3624728102346696,-0.37172649202341856,-0.3718331476177009,-0.3837658473272108,-0.3747737940323798,-0.3531920900975964,-0.3551158046201095,-0.3787710040497755,-0.3443263078349743,-0.3341700840430888,-0.35367704952096984,-0.31370638491821423
-0.3109220174348615,-0.3035950952919484,-0.31073268676321236,-0.310738973930524,-0.3201790326321224,-0.31495846021110246,-0.29433833903728784,-0.29416834189745145,-0.3151612953472011,-0.28483848261687755,-0.2781432067702799,-0.2906858384513791,-0.2559849695639685
-0.2540836618292237,-0.24966919780651844,-0.25563887179800093,-0.2556096246001399,-0.2616738042389903,-0.25663088299750336,-0.2410932059808393,-0.23936582770069847,-0.2539608376770883,-0.23254811709551326,-0.2256997130971834,-0.2338551028668956,-0.20284410774950412
-0.20530288590384094,-0.20306151775999443,-0.20629641055176218,-0.2068559784027546,-0.21066167237228536,-0.2064745721766048,-0.19512433794065157,-0.19394964471799653,-0.2022287380256378,-0.18797522326608596,-0.18163235963302085,-0.186141763034784,-0.16114607713853388
-0.1659914293009385,-0.16566816058144476,-0.16818392572146523,-0.1682145747905615,-0.17003366338235504,-0.16716898241610104,-0.15837283643772754,-0.15787523264202485,-0.1624104583284473,-0.1521300342545446,-0.1484778432739411,-0.1502967231421547,-0.1284596839304078
-0.13498299189178697,-0.1360897060709498,-0.13774304912794302,-0.1378329381194393,-0.13902020495302134,-0.13628984735322833,-0.1302494692356686,-0.12932799740629444,-0.1302615538536941,-0.12420492235927476,-0.12139127839749965,-0.12170851855807929,-0.10368196130190431
-0.11046124728538108,-0.11254875619428029,-0.11352701996276988,-0.11359883936740749,-0.11420542439896607,-0.11169372613491335,-0.1074875741773459,-0.10644932038933584,-0.10660468146602126,-0.1019993909117815,-0.09967899142152009,-0.09928659985351378,-0.08449444480501501
-0.09085241868618382,-0.09337220677041086,-0.09392810178057809,-0.09389755699445443,-0.09403595600661717,-0.0919241501022571,-0.08872979527268188,-0.08787318944548343,-0.0874256316043966,-0.08403530768252945,-0.08200582587481078,-0.08131194440356858,-0.06874914039104656
-0.07461271595991431,-0.07690426236813383,-0.07723355659785838,-0.07715370099729123,-0.07710247383679883,-0.07556771120661371,-0.07295720286157499,-0.07228653877792458,-0.07133733011391202,-0.06895417210575282,-0.0671895690537269,-0.06631078921220175,-0.055575193975561724
-0.06078222951912234,-0.06240045778906293,-0.06259241166016934,-0.06258466618354942,-0.06257645067553005,-0.06167454117465225,-0.059571959857909085,-0.05899284345929405,-0.05778981009096439,-0.056163414459778696,-0.05471535737487602,-0.05372879703690524,-0.04462568607174178
